{
  "applications": "*",
  "changelogDate": "20220525103714",
  "dto": "mapstruct",
  "embedded": false,
  "entityTableName": "address",
  "fields": [
    {
      "fieldName": "id",
      "fieldType": "String"
    },
    {
      "fieldName": "houseNo",
      "fieldType": "Integer"
    },
    {
      "fieldName": "street",
      "fieldType": "String"
    },
    {
      "fieldName": "city",
      "fieldType": "String"
    },
    {
      "fieldName": "state",
      "fieldType": "String"
    },
    {
      "fieldName": "pincode",
      "fieldType": "Integer"
    }
  ],
  "fluentMethods": true,
  "jpaMetamodelFiltering": false,
  "name": "Address",
  "pagination": "no",
  "readOnly": false,
  "relationships": [
    {
      "otherEntityName": "member",
      "otherEntityRelationshipName": "address",
      "relationshipName": "member",
      "relationshipType": "many-to-one"
    }
  ],
  "service": "serviceImpl"
}
