{
  "applications": "*",
  "changelogDate": "20220525100404",
  "dto": "mapstruct",
  "embedded": false,
  "entityTableName": "book",
  "fields": [
    {
      "fieldName": "id",
      "fieldType": "String"
    },
    {
      "fieldName": "name",
      "fieldType": "String"
    },
    {
      "fieldName": "code",
      "fieldType": "String"
    },
    {
      "fieldName": "author",
      "fieldType": "String"
    }
  ],
  "fluentMethods": true,
  "jpaMetamodelFiltering": false,
  "name": "Book",
  "pagination": "no",
  "readOnly": false,
  "relationships": [
    {
      "otherEntityName": "member",
      "otherEntityRelationshipName": "book",
      "relationshipName": "member",
      "relationshipType": "many-to-one"
    }
  ],
  "service": "serviceImpl"
}
