{
  "applications": "*",
  "changelogDate": "20220525100403",
  "dto": "mapstruct",
  "embedded": false,
  "entityTableName": "member",
  "fields": [
    {
      "fieldName": "id",
      "fieldType": "String"
    },
    {
      "fieldName": "name",
      "fieldType": "String"
    },
    {
      "fieldName": "firstname",
      "fieldType": "String"
    },
    {
      "fieldName": "lastname",
      "fieldType": "String"
    },
    {
      "fieldName": "age",
      "fieldType": "Integer"
    }
  ],
  "fluentMethods": true,
  "jpaMetamodelFiltering": false,
  "name": "Member",
  "pagination": "no",
  "readOnly": false,
  "relationships": [
    {
      "otherEntityName": "book",
      "otherEntityRelationshipName": "member",
      "relationshipName": "book",
      "relationshipType": "one-to-many"
    },
    {
      "otherEntityName": "address",
      "otherEntityRelationshipName": "member",
      "relationshipName": "address",
      "relationshipType": "one-to-many"
    }
  ],
  "service": "serviceImpl"
}
