id;house_no;street;city;state;pincode
b6bbfee3-fac1-4fd2-994d-c6d6e0d1a4af;46796;Shania Passage;Missoula;Cambridgeshire end-to-end;51509
607b4492-fb32-409b-9fb2-08262ac6d77a;98769;Lebsack Mountains;Milpitas;solution policy Grove;83656
2348ec57-c39e-4ab0-9043-b0dcee5e5729;97992;Minerva Plains;North Olen;SCSI Shirt systemic;62868
3b782da6-4bdb-43e5-8db1-9dfacfc9314a;83071;Vivienne Place;Juddport;Awesome Industrial;35895
bca9bdb2-ca94-4a1f-85f5-61f7a242a29e;98574;Stephen Point;Lake Martina;Advanced;54129
242d6355-f5d9-4321-bac4-d9813408d4c1;89668;Mae Islands;Emmettside;national;63615
db0603ad-3ec4-441d-9c61-61fe1f5e02ca;20160;Becker Prairie;Aldaview;Soft Beauty;46021
1893227a-4c2b-4956-83e1-56233676a12f;91642;Edythe Landing;Andreaneville;help-desk Jewelery;51499
c0c090a0-fbdc-484c-a111-d17a8bcb6b5c;25901;Cydney Center;South Ron;Sleek;19259
a09a316b-7657-4eae-ab4b-8a882fa4e0e7;99701;Phyllis Rue;Lake Corrinefurt;SMTP primary;9856
