id;name;code;author
90c66d2b-89e3-4dde-8255-81fefbc4cced;Director high-level Pass;Borders Sudan Mall;Accountability
9dc0fb26-ff4d-4f84-9b09-2d8002b9e57a;violet deposit;lime;Bacon optical blockchains
62bc7a5a-a00b-427d-9671-168af6d07a05;CSS navigate;indigo Account drive;Personal
dea900fb-c235-4d4e-a630-83d0bcf5a982;primary e-tailers;Dynamic Clothing;Alaska Oklahoma
807cf48c-aaa4-4d0c-9dc8-0738eebef9cd;HDD Towels;SQL olive lavender;e-markets HDD wireless
a6d6d5af-c491-44ab-b21e-bf8cc25ae74b;Synergized;Sahara parsing New;Lane Extended
68670c3e-13db-4cb1-8804-a7f61f262e40;orchestrate;invoice;Berkshire Account Ergonomic
0e67310c-523e-4762-8933-a2f598321cf4;TCP United;Bhutanese;Savings
3616e66c-4b50-4a7d-9e95-5bc5168dc259;solution-oriented system Chips;Bedfordshire Product;Fantastic copying
a2d740ea-806a-4bcf-add0-297a4b453ca3;Ringgit cross-platform Soap;1080p Spur capacity;port Legacy copying
