id;name;firstname;lastname;age
e57411f4-22de-427e-91e4-758388ce4187;Concrete;Buckinghamshire Avon Kentucky;killer Bedfordshire;11813
08019f4e-d21a-4172-bb4f-7dd8a6be1708;Directives;Salad North Brand;Drive Keyboard;95173
3f34f1a5-fa76-4e7a-8bb9-cea306e3109f;Directives;Mouse logistical Specialist;logistical real-time value-added;55938
90582779-ae10-4d6a-9702-accbfa261462;killer Steel International;project;Cotton Public-key bypassing;14460
df92b6b8-683f-4a87-8f00-ed3598e6991f;Graphical Grocery;ROI;Massachusetts Practical Krona;8277
904bbb55-66db-40c2-89ea-4f46215c7e14;client-server;Account leading Granite;Clothing Networked;65715
b0894da9-8442-4fe1-aba9-ce27ed87817b;sensor Gibraltar;Borders Hawaii;Specialist Rustic;18301
11100182-5655-4715-a40a-742cb707c01d;Taiwan;standardization;Progressive;64547
34d71cc8-995a-495e-b610-ccf5e86a7950;Avon Music;bus;users;35100
3c32217c-6f59-4206-b0b8-a258f463bc1b;haptic Networked SDD;Car overriding;Home partnerships;73136
