{
  "generator-jhipster": {
    "applicationType": "monolith",
    "authenticationType": "jwt",
    "baseName": "SampleWithAngular",
    "blueprints": [],
    "buildTool": "maven",
    "cacheProvider": "ehcache",
    "clientFramework": "angularX",
    "clientPackageManager": "npm",
    "clientTheme": "none",
    "clientThemeVariant": "",
    "creationTimestamp": 1653462210877,
    "cypressCoverage": false,
    "databaseType": "sql",
    "devDatabaseType": "mysql",
    "devServerPort": 4200,
    "dtoSuffix": "DTO",
    "enableGradleEnterprise": false,
    "enableHibernateCache": true,
    "enableSwaggerCodegen": false,
    "enableTranslation": true,
    "entities": ["Member", "Book", "Address"],
    "entitySuffix": "",
    "jhiPrefix": "jhi",
    "jhipsterVersion": "7.8.1",
    "jwtSecretKey": "Nzg0NDNjMmY3YTBjMWY2ODkwMDliYzc2NmNiZTJhMDFhNTM4NGU1ZWU3MDc2MmVjZmU5ZWMwYTM4NjUyMmM0YWY3MzUwOGJjMGJiYTJlNWVlZTYxMmY4M2EyNTBkNzEzNzVkZjA2Y2I4Zjc3Yjk1ZDUzNmUzOGQzNzE3OWJmMjU=",
    "languages": ["en", "fr", "hi", "ja", "ru", "es"],
    "lastLiquibaseTimestamp": 1653475034000,
    "messageBroker": false,
    "nativeLanguage": "en",
    "otherModules": [],
    "packageName": "com.apllication.samplewithangular",
    "pages": [],
    "prodDatabaseType": "mysql",
    "reactive": false,
    "searchEngine": false,
    "serverPort": "8080",
    "serverSideOptions": [],
    "serviceDiscoveryType": "no",
    "skipCheckLengthOfIdentifier": false,
    "skipFakeData": false,
    "skipUserManagement": false,
    "testFrameworks": ["cypress"],
    "websocket": false,
    "withAdminUi": true
  }
}
